id,input_path,state_type,state_name,log_path,memory_gi,deployment_name,work_pool_name,area
95baae43-5548-4efc-82ab-d8f0a32d0e93,,COMPLETED,Completed,,,,,
e70446aa-f75a-472b-bf67-32829d346eb8,/nas/Projects/C-BIZ01A/Planet/KARI/20230907_013618_69_24a8_3B_AnalyticMS_SR.tif,COMPLETED,Completed,,64.0,SkySat-SR-BGRN,modint-prefect-workpool-2,111558216.0
5464eb36-27c9-47ca-8b9c-9fec7c3980b6,,COMPLETED,Completed,,,,,
d97e88ca-333e-4b23-b989-bb39d1f716ef,,COMPLETED,Completed,,,,,
c4f4b5b6-f133-4725-834d-00e5bfb08cbd,,COMPLETED,Completed,,,,,
f44b93b1-2280-48e9-b214-c064181b2036,,COMPLETED,Completed,,,,,
90596d79-bf2a-436c-9b50-3230bdc3c7e2,,COMPLETED,Completed,,,,,
0ed78f0a-1158-45e8-8870-ce10362df322,,COMPLETED,Completed,,,,,
522b47a7-4303-488c-a2d8-bb5f1c6b909d,,COMPLETED,Completed,,,,,
f00de106-8c80-4307-a614-3113947f2ee6,,COMPLETED,Completed,,,,,
806cf46d-aa34-4e2c-860c-afbca270c817,,COMPLETED,Completed,,,,,
34548812-d402-4052-939f-09c0effc03b9,/nas/Projects/C-BIZ01A/Planet/KARI/20230902_012113_54_24ba_3B_AnalyticMS_SR.tif,COMPLETED,Completed,,64.0,SkySat-SR-BGRN,modint-prefect-workpool-2,115589329.0
689dd02e-2fcc-4b06-93db-3c6ed57a5380,,COMPLETED,Completed,,,,,
37606ee3-cc27-470c-9314-a9d99512a84e,/nas/k8s/dev/research/minkisong/dputils/642_cog/DSARTD_20250613_144533--GEC_B_UHR_1_VV_L_cog.tif,COMPLETED,Completed,,64.0,SAR-Detection-Ship,modint-prefect-workpool-2,
dfb9f2c8-f2c9-4057-8b0a-10e6a1de9c7c,"/nas/Dataset/s3/sia_aws_s3/sia-siis/raw/C-STSUPERX/spaceeye/20250705_Madrid,Spain/IMG_ST1_202507051005187_PMS_SEN_LWO_20250923_002827_001_001.TIF",CANCELLED,Cancelled,,64.0,SuperX-1Ch,modint-prefect-workpool-2,2154965072.0
b8f55b03-99fc-44a7-8f3d-76fc5a2ef998,,COMPLETED,Completed,,,,,
cf6664ed-3812-4b86-865f-2a37cf231a42,,COMPLETED,Completed,,,,,
c0d75a9c-c682-4f80-8168-627150cc8d51,,COMPLETED,Completed,,,,,
0dd85718-1723-48bb-b035-63b39b795d64,,COMPLETED,Completed,,,,,
2bd040aa-5a4c-4a4c-a8d0-34b8644c42b3,/nas/k8s/dev/research/hojin/DSAR-TD/20251126/scene_inference/sample,COMPLETED,Completed,,64.0,EO-Segmentation-Landcover,modint-prefect-workpool-2,
b417b40b-9055-409d-8402-85936673d711,/nas/k8s/dev/research/minkisong/dputils/642/DSARTD_20250613_144533--GEC_B_UHR_1_VV_L.tif,COMPLETED,Completed,,64.0,SAR-Detection-Ship,modint-prefect-workpool-2,
5ff30ad7-df6e-4226-beb2-4ab550c0407a,,RUNNING,Running,,,,,
b4ce92ae-9711-48cd-8a74-5b6351475aab,,COMPLETED,Completed,,,,,
e829fc12-e3a5-4655-a8d3-5c1380dab839,,CANCELLED,Cancelled,,,,,
fe588c60-2ac8-4ea1-962a-ab54e20b78ba,/nas/Projects/C-BIZ01A/Planet/KARI/20230907_012623_95_24b3_3B_AnalyticMS_SR.tif,COMPLETED,Completed,,64.0,SkySat-SR-BGRN,modint-prefect-workpool-2,118538826.0
c120db3f-5451-4a30-a04b-42ff239ef9fc,,CANCELLED,Cancelled,,,,,
d81f60de-8b6b-4e22-a4f1-1d24ae41737c,"/nas/Dataset/s3/sia_aws_s3/sia-siis/raw/C-STSUPERX/spaceeye/20250705_Madrid,Spain/IMG_ST1_202507051005187_PMS_SEN_LWO_20250923_002827_001_001.TIF",CANCELLED,Cancelled,,128.0,SuperX-1Ch,modint-prefect-workpool-2,2154965072.0
6cea9172-1ac2-411e-9317-6ae9d05a5b5c,,COMPLETED,Completed,,,,,
b2bf6750-1249-437a-8ec2-6c91a0b47fac,/nas/k8s/dev/research/anse3832/code/pytorch/SR/Real-ESRGAN/test_imgs/uint16/K3A_fullscene_RGBN/K3A_20190118062604_21071_00168896_L1G_RGB_PS.tif,COMPLETED,Completed,,64.0,SuperX-1Ch,modint-prefect-workpool-2,795225600.0
61c05604-f88f-4be6-85be-92c2bf06b2ae,,COMPLETED,Completed,,,,,
fd35bee5-609a-4f3b-a128-374c17fca6ff,/nas/k8s/dev/research/anse3832/code/pytorch/SR/Real-ESRGAN/test_imgs/uint16/Planetscope_fullscene_RGBN/20190117_023643_0f28_3B_AnalyticMS_SR_RGBN.tif,COMPLETED,Completed,,64.0,SuperX-1Ch,modint-prefect-workpool-2,41953194.0
138afa40-925d-4078-bffc-1778d4d71881,,COMPLETED,Completed,,,,,
df7a262d-9d86-47cb-bd0a-793e9ea78e73,/nas/k8s/dev/research/doyoungi/R-OAD/SIAseg/requests/251028_DSARTD/registration/data/49_SAR.tif,FAILED,Failed,/home/data/workspace/modint-prefect_logs/df7a262d-9d86-47cb-bd0a-793e9ea78e73.log,64.0,EO-Segmentation-Landcover,modint-prefect-workpool-2,434856084.0
0a9b14c1-251e-4058-975c-43a34d06f34b,/nas/k8s/dev/research/minkisong/dputils/642/DSARTD_20250616_135815--GEC_B_UHR_1_VV_L.tif,FAILED,Failed,/home/data/workspace/modint-prefect_logs/0a9b14c1-251e-4058-975c-43a34d06f34b.log,64.0,SAR-Detection-Ship,modint-prefect-workpool-2,
c9ef9e93-19ec-423f-be65-f94efa9e2d34,,COMPLETED,Completed,,,,,
f98106b6-f7dd-4919-bc81-ebad2c099ae6,/nas/k8s/dev/research/minkisong/dputils/642/DSARTD_20250613_144533--GEC_B_UHR_1_VV_L.tif,FAILED,Failed,/home/data/workspace/modint-prefect_logs/f98106b6-f7dd-4919-bc81-ebad2c099ae6.log,64.0,SAR-Detection-Ship,modint-prefect-workpool-2,
c1c6720a-af28-4440-89ed-81a59598a7fc,/nas/k8s/dev/research/minkisong/dputils/642/DSARTD_20250530_101102--GEC_B_UHR_1_VV_L.tif,FAILED,Failed,/home/data/workspace/modint-prefect_logs/c1c6720a-af28-4440-89ed-81a59598a7fc.log,64.0,SAR-Detection-Ship,modint-prefect-workpool-2,
53ed477b-54cf-4e81-ac40-a4199a758003,,COMPLETED,Completed,,,,,
9a87bd39-f1fa-4d1b-9db2-78c84abbe47f,/nas/k8s/dev/research/minkisong/dputils/642/DSARTD_20250604_085432--GEC_B_HR_1_VV_L.tif,FAILED,Failed,/home/data/workspace/modint-prefect_logs/9a87bd39-f1fa-4d1b-9db2-78c84abbe47f.log,64.0,SAR-Detection-Ship,modint-prefect-workpool-2,
d88bd075-1f6e-4637-b787-2dac8e13e74a,,COMPLETED,Completed,,,,,
81ed393b-1227-480e-83a9-671e14b25c6f,/nas/Projects/C-BIZ01A/PacGeo/Samples/Ontario_Forestry/IMG_PHR1A_PMS_202510161608295_ORT_90718571-1309-4a29-ca66-f65d4d98447e_R1C1.TIF,COMPLETED,Completed,,64.0,WV3-SR-RGBN,modint-prefect-workpool-2,103671440.0
9f57af0e-50f2-48df-a279-f501683f9852,,COMPLETED,Completed,,,,,
73586f01-ff21-4aba-85cd-54c3b812db8e,/nas/Projects/C-BIZ01A/PacGeo/Samples/Ontario_Forestry/IMG_PHR1A_PMS_202510161608295_ORT_90718571-1309-4a29-ca66-f65d4d98447e_R1C1.tif,FAILED,Failed,/home/data/workspace/modint-prefect_logs/73586f01-ff21-4aba-85cd-54c3b812db8e.log,64.0,WV3-SR-RGBN,modint-prefect-workpool-2,
fb30ece0-b0bb-4b00-bdbc-5c7294a6be6e,,COMPLETED,Completed,,,,,
eeb42bc5-0c32-41df-9ceb-052a449d7448,/nas/k8s/dev/research/hojin/DSAR-TD/dataset/dsar_td/selected/scene_45/sar,FAILED,Failed,/home/data/workspace/modint-prefect_logs/eeb42bc5-0c32-41df-9ceb-052a449d7448.log,64.0,EO-Segmentation-Landcover,modint-prefect-workpool-2,
f5f86e67-5695-431e-b1bb-cf74db98facb,,COMPLETED,Completed,,,,,
f266e888-0e90-48a9-84d8-e612fa23bfe3,/nas/k8s/dev/research/minkisong/dputils/642/DSARTD_20250616_135815--GEC_B_UHR_1_VV_L.tif,COMPLETED,Completed,,64.0,SAR-Detection-Ship,modint-prefect-workpool-2,
daccaee1-14c7-4bef-9d6c-b6c33ff7b2ad,/nas/k8s/dev/research/minkisong/dputils/642/DSARTD_20250604_085432--GEC_B_HR_1_VV_L.tif,COMPLETED,Completed,,64.0,SAR-Detection-Ship,modint-prefect-workpool-2,
9b6781b7-a7cd-4428-8033-4d5673a2611e,/nas/k8s/dev/research/minkisong/dputils/642/DSARTD_20250530_101102--GEC_B_UHR_1_VV_L.tif,COMPLETED,Completed,,64.0,SAR-Detection-Ship,modint-prefect-workpool-2,
179ddc68-8969-4e58-96fc-0521afa88e8e,,COMPLETED,Completed,,,,,
c955b07b-3aec-4f8d-ad20-b1930bd0b240,/nas/Projects/C-BIZ01A/PacGeo/Samples/Marketing_Samples/K3_20251026185904_71735_19931328_L1G_CLIP.tif,COMPLETED,Completed,,64.0,WV3-SR-RGBN,modint-prefect-workpool-2,597738240.0
58cf9afb-083a-4924-9b62-e69944d2eb53,/nas/Projects/C-BIZ01A/PacGeo/Samples/Ontario_Forestry/IMG_PHR1A_PMS_202510161608295_ORT_90718571-1309-4a29-ca66-f65d4d98447e_R1C1.tif,FAILED,Failed,/home/data/workspace/modint-prefect_logs/58cf9afb-083a-4924-9b62-e69944d2eb53.log,64.0,WV3-SR-RGBN,modint-prefect-workpool-2,
c8854238-2e07-4d19-b2ea-99a5f994e50a,,COMPLETED,Completed,,,,,
bfa96dfc-2b4d-435a-b657-6212b3e1489e,/nas/Projects/C-BIZ01A/Planet/KARI/20230908_021411_61_2478_3B_AnalyticMS_SR.tif,COMPLETED,Completed,,64.0,SkySat-SR-BGRN,modint-prefect-workpool-2,102269042.0
73b5af2e-7a6b-4d00-aa51-ce10262727ff,,COMPLETED,Completed,,,,,
8c7ba288-a6c0-436a-9764-4f61904bcab1,,COMPLETED,Completed,,,,,
d91b1e27-3c2f-4260-908b-f71300425136,/nas/Projects/C-BIZ01A/Planet/KARI/20230907_012833_37_24ba_3B_AnalyticMS_SR.tif,COMPLETED,Completed,,64.0,SkySat-SR-BGRN,modint-prefect-workpool-2,119243019.0
0d667cb1-fcac-491e-a6ed-5539625d9563,,COMPLETED,Completed,,,,,
d1d81dba-4893-4800-bf27-493e32fbf628,/nas/Projects/C-BIZ01A/Planet/KARI/20230907_012626_23_24b3_3B_AnalyticMS_SR.tif,COMPLETED,Completed,,64.0,SkySat-SR-BGRN,modint-prefect-workpool-2,118411031.0
a4b121dd-89bc-45ee-95a0-54ffbe5b3844,,COMPLETED,Completed,,,,,
11cb85ca-0778-4fff-8518-bdf88813f3f9,/nas/Projects/C-BIZ01A/Planet/KARI/20230907_012318_11_2464_3B_AnalyticMS_SR.tif,COMPLETED,Completed,,64.0,SkySat-SR-BGRN,modint-prefect-workpool-2,102238578.0
1e902c4c-b960-4d33-9396-4d4383692907,/nas/Projects/C-BIZ01A/Planet/KARI/20230907_012316_05_2464_3B_AnalyticMS_SR.tif,COMPLETED,Completed,,64.0,SkySat-SR-BGRN,modint-prefect-workpool-2,102187644.0
148e1280-edbf-4170-a7f9-675376d6c339,/nas/Projects/C-BIZ01A/Planet/KARI/20230907_011505_92_24ab_3B_AnalyticMS_SR.tif,COMPLETED,Completed,,64.0,SkySat-SR-BGRN,modint-prefect-workpool-2,113049960.0
206ed356-d363-4612-ab2f-e41201ffb52e,/nas/Projects/C-BIZ01A/Planet/KARI/20230906_021656_74_2481_3B_AnalyticMS_SR.tif,COMPLETED,Completed,,64.0,SkySat-SR-BGRN,modint-prefect-workpool-2,103939795.0
20d0e12d-1495-40d1-bc80-9da96e619694,,COMPLETED,Completed,,,,,
c570ca31-68fa-4189-88c8-984c5687b9b4,/nas/Projects/C-BIZ01A/PacGeo/Samples/Marketing_Samples/K3_20251026185904_71735_19931328_L1G_CLIP.tif,COMPLETED,Completed,,64.0,SuperX-1Ch,modint-prefect-workpool-2,597738240.0
29dcfec3-6635-4ecb-a2be-42843677970b,/nas/Dataset/s3/sia_aws_s3/sia-paxsapiens/raw/G-NKI01A/Planet/Yongbyon/20251121_DPRK_NFC_Yongbyon_arс_skysatscene_pansharpened_udm2/composite.tif,COMPLETED,Completed,,,EO-Detection-Aircraft,modint-prefect-workpool-2,145745920.0
f0a0ec15-3200-440e-8ee9-dbf54207131b,,COMPLETED,Completed,,,,,
8bc61fe2-3599-497c-9d9a-3544f20fed34,,COMPLETED,Completed,,,,,
629cd0a1-63c2-4f9d-8290-ca351f76e036,,COMPLETED,Completed,,,,,
4b797fac-5d96-48d0-a875-204e25a8e7ef,/nas/Dataset/s3/sia_aws_s3/sia-paxsapiens/raw/G-NKI01A/Planet/Yongbyon/20251121_DPRK_NFC_Yongbyon_arс_skysatscene_pansharpened_udm2/composite.tif,COMPLETED,Completed,,,EO-Detection-Vehicle,modint-prefect-workpool-2,145745920.0
44d01602-e815-4d4f-a0c1-f7998cad9f88,/nas/Dataset/s3/sia_aws_s3/sia-paxsapiens/raw/G-NKI01A/Planet/Yongbyon/20251121_DPRK_NFC_Yongbyon_arс_skysatscene_pansharpened_udm2/composite.tif,COMPLETED,Completed,,,EO-Detection-Ship,modint-prefect-workpool-2,145745920.0
0f312182-b8d7-4000-8176-289e6de72cde,/nas/Dataset/s3/sia_aws_s3/sia-paxsapiens/raw/G-NKI01A/Planet/Yongbyon/20251121_DPRK_NFC_Yongbyon_arс_skysatscene_pansharpened_udm2/composite.tif,COMPLETED,Completed,,,SkySat-SR-BGRN,modint-prefect-workpool-2,145745920.0
d07491ec-2f75-491b-8856-fe73f09c084c,/nas/Dataset/s3/sia_aws_s3/sia-paxsapiens/raw/G-NKI01A/Planet/Yongbyon/20251121_DPRK_NFC_Yongbyon_arс_skysatscene_pansharpened_udm2/composite.tif,COMPLETED,Completed,,,EO-Detection-Train,modint-prefect-workpool-2,145745920.0
34a0f730-6f8e-477d-b4fb-9b123b3deb21,,CANCELLED,Cancelled,,,,,
1b750275-fd50-4768-b76a-3cdcedc82ab2,"/nas/Dataset/s3/sia_aws_s3/sia-siis/raw/C-STSUPERX/spaceeye/20250705_Madrid,Spain/IMG_ST1_202507051005187_PMS_SEN_LWO_20250923_002827_001_001.TIF",CANCELLED,Cancelled,,64.0,SuperX-1Ch,modint-prefect-workpool-2,2154965072.0
e0c96dcd-a6c9-4120-999b-6820eec5be4e,"/nas/Dataset/s3/sia_aws_s3/sia-siis/raw/C-STSUPERX/spaceeye/20250705_Madrid,Spain/IMG_ST1_202507051005187_PMS_SEN_LWO_20250923_002827_001_001.TIF",FAILED,Failed,/home/data/workspace/modint-prefect_logs/e0c96dcd-a6c9-4120-999b-6820eec5be4e.log,128.0,SuperX-1Ch,modint-prefect-workpool-2,2154965072.0
695e4913-7909-462e-b50e-43a8cf87252f,,CANCELLED,Cancelled,,,,,
86e48427-88b2-495e-8f70-1f7fc024024a,"/nas/Dataset/s3/sia_aws_s3/sia-siis/raw/C-STSUPERX/spaceeye/20250705_Madrid,Spain/IMG_ST1_202507051005187_PMS_SEN_LWO_20250923_002827_001_001.TIF",CANCELLED,Cancelled,,128.0,SuperX-1Ch,modint-prefect-workpool-2,2154965072.0
5db4971d-9fee-4b5d-a875-1e72eb053d70,,COMPLETED,Completed,,,,,
f93327fa-06b5-4260-9dd9-a5e09fbc985d,,FAILED,Failed,/home/data/workspace/modint-prefect_logs/f93327fa-06b5-4260-9dd9-a5e09fbc985d.log,,,,
1a0bfdbc-ea28-4e5d-b4e8-2eceabe4ae4a,"/nas/Dataset/s3/sia_aws_s3/sia-siis/raw/C-STSUPERX/spaceeye/20250705_Madrid,Spain/IMG_ST1_202507051005187_PMS_SEN_LWO_20250923_002827_001_001.TIF",CANCELLED,Cancelled,,128.0,SuperX-1Ch,modint-prefect-workpool-2,2154965072.0
b9185bc9-c508-47da-956e-285daf59cb20,,RUNNING,Running,,,,,
2e29616f-32e2-4725-bb0d-f2661ebee7b3,/nas/k8s/dev/research/anse3832/code/pytorch/others/code/split_patches_251201,RUNNING,Running,,128.0,SuperX-1Ch,modint-prefect-workpool-2,
96600fa6-b6c3-4d7e-b4f7-45f04ed89753,,COMPLETED,Completed,,,,,
b7984638-bc41-4503-89ac-f838e242d3b6,,COMPLETED,Completed,,,,,
278b94a3-c41b-406b-9efe-6867fde96e93,/nas/Projects/C-BIZ01A/Dhruva/5m_resolution.tif,FAILED,Failed,/home/data/workspace/modint-prefect_logs/278b94a3-c41b-406b-9efe-6867fde96e93.log,64.0,SkySat-SR-4x-BGRN,modint-prefect-workpool-2,
97805cab-7328-4bbe-9851-a4e0ec1ba0ab,,COMPLETED,Completed,,,,,
d67f0dc2-5ce9-43f3-9ddc-0b18f4ba2b4e,/nas/Projects/C-BIZ01A/Dhruva/24m_resolution.tif,COMPLETED,Completed,,64.0,SkySat-SR-BGRN,modint-prefect-workpool-2,
bfe7945e-2d73-4b39-96c4-640fdb4abf8c,,COMPLETED,Completed,,,,,
3c2c2fdb-bef9-4ae4-a9b1-6041efb74f70,,COMPLETED,Completed,,,,,
0d279eaa-13af-4c79-aea3-23bafac4278d,/nas/Projects/C-BIZ01A/Dhruva/24m_resolution.tif,COMPLETED,Completed,,64.0,SkySat-SR-4x-BGRN,modint-prefect-workpool-2,
53f352e6-f033-422e-9d98-638f1227e983,/nas/Projects/C-BIZ01A/Dhruva/5m_resolution.tif,COMPLETED,Completed,,64.0,SkySat-SR-BGR,modint-prefect-workpool-2,
dd20bc9b-cc3a-46ba-a818-53e311b872b6,,COMPLETED,Completed,,,,,
df41c0d6-57e8-4a60-9cda-fb5144f91768,/nas/Dataset/s3/sia_aws_s3/sia-paxsapiens/raw/G-NKI01A/Planet/Yongbyon/20251121_DPRK_NFC_Yongbyon_arс_skysatscene_pansharpened_udm2/composite.tif,COMPLETED,Completed,,64.0,EO-Detection-Aircraft,modint-prefect-workpool-2,145745920.0
e4a6fe44-a3ad-403a-a994-7d79fe21a852,"/nas/Dataset/s3/sia_aws_s3/sia-siis/raw/C-STSUPERX/spaceeye/20250705_Madrid,Spain/IMG_ST1_202507051005187_PMS_SEN_LWO_20250923_002827_001_001.TIF",COMPLETED,Completed,,128.0,SuperX-1Ch,modint-prefect-workpool-2,2154965072.0
23333b37-552d-45bd-8f23-42cfd69f545e,/nas/Dataset/s3/sia_aws_s3/sia-paxsapiens/raw/G-NKI01A/Planet/Yongbyon/20240604_DPRK_NFC_Yongbyon_arc_skysatscene_pansharpened_udm2/composite.tif,COMPLETED,Completed,,,EO-Detection-Aircraft,modint-prefect-workpool-2,130400359.0
de4f41f3-c278-4170-9457-006fdfea5a80,/nas/Dataset/s3/sia_aws_s3/sia-paxsapiens/raw/G-NKI01A/Planet/Yongbyon/20240324_DPRK_NFC_Yongbyon_arc_skysatscene_pansharpened_udm2/composite.tif,COMPLETED,Completed,,,EO-Detection-Aircraft,modint-prefect-workpool-2,162872100.0
f403bbb8-3e66-41e6-b447-26344e4bfb89,/nas/Dataset/s3/sia_aws_s3/sia-paxsapiens/raw/G-NKI01A/Planet/Yongbyon/20240426_DPRK_NFC_Yongbyon_arc_skysatscene_pansharpened_udm2/composite.tif,COMPLETED,Completed,,,EO-Detection-Aircraft,modint-prefect-workpool-2,165264300.0
848359ae-3713-4c1a-a68c-4803e22db491,/nas/Dataset/s3/sia_aws_s3/sia-paxsapiens/raw/G-NKI01A/Planet/Yongbyon/20240105_DPRK_NFC_Yongbyon_arc_skysatscene_pansharpened_udm2/composite.tif,COMPLETED,Completed,,,EO-Detection-Train,modint-prefect-workpool-2,153145092.0
717ecc1c-919f-4bcb-ab59-9238dfbfb98c,/nas/Dataset/s3/sia_aws_s3/sia-paxsapiens/raw/G-NKI01A/Planet/Yongbyon/20240212_DPRK_NFC_Yongbyon_arc_skysatscene_pansharpened_udm2/composite.tif,COMPLETED,Completed,,,EO-Detection-Train,modint-prefect-workpool-2,146940804.0
16006b9d-f5ff-485e-ae2b-f0633d807de4,/nas/Dataset/s3/sia_aws_s3/sia-paxsapiens/raw/G-NKI01A/Planet/Yongbyon/20240320_DPRK_NFC_Yongbyon_arc_skysatscene_pansharpened_udm2/composite.tif,COMPLETED,Completed,,,EO-Detection-Train,modint-prefect-workpool-2,166139100.0
f1b405e4-5b89-4d82-b3e8-1242a6974ef5,/nas/Dataset/s3/sia_aws_s3/sia-paxsapiens/raw/G-NKI01A/Planet/Yongbyon/20241124_DPRK_NFC_Yongbyon_arс_skysatscene_pansharpened_udm2/composite.tif,COMPLETED,Completed,,,EO-Detection-Ship,modint-prefect-workpool-2,130611090.0
b724f843-c1a2-4933-b9a6-c283b33ddc9e,/nas/COG/planet/Y2024/M10/D16/planet_20241016_005105_ssc13_u0001/20241016_005105_ssc13_u0001_pansharpened_clip_cog.tif,COMPLETED,Completed,,,EO-Detection-Ship,modint-prefect-workpool-2,92702547.0
8c53ee81-2b0a-4a56-aa95-60da772047dc,/nas/COG/planet/Y2024/M12/D03/planet_20241203_060223_ssc9_u0001/20241203_060223_ssc9_u0001_pansharpened_clip_cog.tif,COMPLETED,Completed,,,EO-Detection-Ship,modint-prefect-workpool-2,92702547.0
f25f0af0-a0e7-44e1-8fe5-065c35b052c9,/nas/Dataset/s3/sia_aws_s3/sia-paxsapiens/raw/G-NKI01A/Planet/Yongbyon/20240824_DPRK_NFC_Yongbyon_arc_skysatscene_pansharpened_udm2/composite.tif,COMPLETED,Completed,,,EO-Detection-Vehicle,modint-prefect-workpool-2,149325150.0
25b2cc8f-69c3-4745-b9aa-66045a7db961,/nas/Dataset/s3/sia_aws_s3/sia-paxsapiens/raw/G-NKI01A/Planet/Yongbyon/20240324_DPRK_NFC_Yongbyon_arc_skysatscene_pansharpened_udm2/composite.tif,COMPLETED,Completed,,,SkySat-SR-BGRN,modint-prefect-workpool-2,162872100.0
0984e3da-9ada-42db-83ab-46fe20fb0f07,,COMPLETED,Completed,,,,,
e9eb86b3-43de-4ec4-9c68-63c18ffc3082,/nas/Dataset/s3/sia_aws_s3/sia-paxsapiens/raw/G-NKI01A/Planet/Yongbyon/20241124_DPRK_NFC_Yongbyon_arс_skysatscene_pansharpened_udm2/composite.tif,COMPLETED,Completed,,,SkySat-SR-BGRN,modint-prefect-workpool-2,130611090.0
a40879b5-ec78-47f0-9851-ff00e612def8,,COMPLETED,Completed,,,,,
09e4e0a7-dd85-4abc-af35-26118633a7b3,/nas/Dataset/s3/sia_aws_s3/sia-paxsapiens/raw/G-NKI01A/Planet/Yongbyon/20240320_DPRK_NFC_Yongbyon_arc_skysatscene_pansharpened_udm2/composite.tif,COMPLETED,Completed,,,SkySat-SR-BGRN,modint-prefect-workpool-2,166139100.0
29da1bf7-76a8-451f-952d-cacd89b4d43c,,COMPLETED,Completed,,,,,
575e61cf-095f-4569-bbec-e6c3455fd50a,/nas/Dataset/s3/sia_aws_s3/sia-paxsapiens/raw/G-NKI01A/Planet/Yongbyon/20240804_DPRK_NFC_Yongbyon_arc_skysatscene_pansharpened_udm2/composite.tif,COMPLETED,Completed,,,SkySat-SR-BGRN,modint-prefect-workpool-2,152888994.0
ca439538-6cf3-46ec-8775-066830a96c67,,COMPLETED,Completed,,,,,
70e0601e-bf49-4caf-8d71-78deec1e4dca,/nas/Dataset/s3/sia_aws_s3/sia-paxsapiens/raw/G-NKI01A/Planet/Yongbyon/20240212_DPRK_NFC_Yongbyon_arc_skysatscene_pansharpened_udm2/composite.tif,COMPLETED,Completed,,,SkySat-SR-BGRN,modint-prefect-workpool-2,146940804.0
5fa8cb5e-5c04-4e97-920f-a80100d747dc,,COMPLETED,Completed,,,,,
e4a4dbc5-2818-4b04-b896-a16f1b88fd5d,,COMPLETED,Completed,,,,,
a8b770ac-9980-4dd6-935a-fe3702c31fe4,/nas/Dataset/s3/sia_aws_s3/sia-paxsapiens/raw/G-NKI01A/Planet/Yongbyon/20240426_DPRK_NFC_Yongbyon_arc_skysatscene_pansharpened_udm2/composite.tif,COMPLETED,Completed,,,SkySat-SR-BGRN,modint-prefect-workpool-2,165264300.0
5e1fa98e-46ce-4530-8cfb-2ec6310d1300,,COMPLETED,Completed,,,,,
b80723c1-ccee-4b21-a5db-6762b52cf2c6,/nas/Dataset/s3/sia_aws_s3/sia-paxsapiens/raw/G-NKI01A/Planet/Yongbyon/20240604_DPRK_NFC_Yongbyon_arc_skysatscene_pansharpened_udm2/composite.tif,COMPLETED,Completed,,,SkySat-SR-BGRN,modint-prefect-workpool-2,130400359.0
87d6beb2-bd51-43cf-85f7-6283b684f73d,,COMPLETED,Completed,,,,,
697873f6-ccbb-4ce2-a6d3-1446ef771a1a,/nas/Dataset/s3/sia_aws_s3/sia-paxsapiens/raw/G-NKI01A/Planet/Yongbyon/20240824_DPRK_NFC_Yongbyon_arc_skysatscene_pansharpened_udm2/composite.tif,COMPLETED,Completed,,,SkySat-SR-BGRN,modint-prefect-workpool-2,149325150.0
f56720b3-a05a-4825-a564-4c8d7ed0f617,,COMPLETED,Completed,,,,,
dccd3680-aac9-4afc-97ac-89e69a39fe63,/nas/Dataset/s3/sia_aws_s3/sia-paxsapiens/raw/G-NKI01A/Planet/Yongbyon/20240619_DPRK_NFC_Yongbyon_arc_skysatscene_pansharpened_udm2/composite.tif,COMPLETED,Completed,,,SkySat-SR-BGRN,modint-prefect-workpool-2,158413290.0
21a91b6a-c479-4673-a90e-fcdece3bed81,,COMPLETED,Completed,,,,,
71db9d2f-f272-457b-ac2b-71b40f2fed1d,/nas/Projects/C-BIZ01A/Planet/KARI/20230902_012113_54_24ba_3B_AnalyticMS_SR.tif,COMPLETED,Completed,,64.0,SkySat-SR-RGBN,modint-prefect-workpool-2,115589329.0
a61d6c3c-6870-48bd-bb24-bcaa30943205,,COMPLETED,Completed,,,,,
6dad8ade-fced-42bb-987b-f296e9ad53a2,/nas/Dataset/s3/sia_aws_s3/sia-paxsapiens/raw/G-NKI01A/Planet/Yongbyon/20251121_DPRK_NFC_Yongbyon_arс_skysatscene_pansharpened_udm2/composite.tif,COMPLETED,Completed,,,SkySat-SR-BGRN,modint-prefect-workpool-2,145745920.0
b702233d-5741-40be-b337-a82053f5e024,,COMPLETED,Completed,,,,,
edd47655-a144-4446-9999-f16521a7c69d,/nas/Dataset/s3/sia_aws_s3/sia-paxsapiens/raw/G-NKI01A/Planet/Yongbyon/20240105_DPRK_NFC_Yongbyon_arc_skysatscene_pansharpened_udm2/composite.tif,COMPLETED,Completed,,,SkySat-SR-BGRN,modint-prefect-workpool-2,153145092.0
d28aeb0d-ba14-4bfe-b96c-61f8da5af721,,COMPLETED,Completed,,,,,
4a0df65a-b386-4f55-925a-e9b76ad72a79,/nas/COG/planet/Y2024/M05/D14/planet_20240514_060111_ssc10_u0001/20240514_060111_ssc10_u0001_pansharpened_clip_cog.tif,COMPLETED,Completed,,,EO-Detection-Vehicle,modint-prefect-workpool-2,92702547.0
fcd985f9-5e00-4e34-9219-80deab5b4488,,COMPLETED,Completed,,,,,
2c61199c-5783-484b-b8d6-24778ed63d9b,/nas/COG/planet/Y2024/M09/D24/planet_20240924_060428_ssc9_u0001/20240924_060428_ssc9_u0001_pansharpened_clip_cog.tif,COMPLETED,Completed,,,EO-Detection-Vehicle,modint-prefect-workpool-2,92702547.0
46f7e1ab-08cb-49a8-938b-dc1db360c242,,COMPLETED,Completed,,,,,
116316b3-3c9a-47fd-8804-bea40d5d3108,/nas/COG/planet/Y2024/M10/D16/planet_20241016_005105_ssc13_u0001/20241016_005105_ssc13_u0001_pansharpened_clip_cog.tif,COMPLETED,Completed,,,EO-Detection-Vehicle,modint-prefect-workpool-2,92702547.0
b29ccc58-3c30-410d-872b-d658d968c01e,,COMPLETED,Completed,,,,,
ee90822a-2f0a-432d-bdf4-25ddf2ee30d4,/nas/COG/planet/Y2024/M12/D03/planet_20241203_060223_ssc9_u0001/20241203_060223_ssc9_u0001_pansharpened_clip_cog.tif,COMPLETED,Completed,,,EO-Detection-Vehicle,modint-prefect-workpool-2,92702547.0
ea80a571-1434-46b5-88b4-2dd38d3e8db9,,RUNNING,Running,,,,,
a44c9dc1-6d7f-47d9-8530-00fb41a853ff,/nas/COG/planet/Y2024/M05/D14/planet_20240514_060111_ssc10_u0001/20240514_060111_ssc10_u0001_pansharpened_clip_cog.tif,RUNNING,Running,,,SkySat-SR-BGRN,modint-prefect-workpool-2,92702547.0
c7a32ec3-d674-4e20-b29f-f99555c9a8d5,,COMPLETED,Completed,,,,,
50a74380-5b66-4274-b910-4808971c5844,/nas/COG/planet/Y2024/M09/D24/planet_20240924_060428_ssc9_u0001/20240924_060428_ssc9_u0001_pansharpened_clip_cog.tif,COMPLETED,Completed,,,SkySat-SR-BGRN,modint-prefect-workpool-2,92702547.0
a0ff30a5-dc0b-4c2b-8d98-82497a5786ef,,COMPLETED,Completed,,,,,
ed8c8a05-b616-44af-b48b-dcf06de6e406,/nas/COG/planet/Y2024/M10/D16/planet_20241016_005105_ssc13_u0001/20241016_005105_ssc13_u0001_pansharpened_clip_cog.tif,COMPLETED,Completed,,,SkySat-SR-BGRN,modint-prefect-workpool-2,92702547.0
567a7af5-e174-40a7-8402-69e927197163,,COMPLETED,Completed,,,,,
51544576-b4e2-4363-99b3-728f52e1cac5,/nas/COG/planet/Y2024/M12/D03/planet_20241203_060223_ssc9_u0001/20241203_060223_ssc9_u0001_pansharpened_clip_cog.tif,COMPLETED,Completed,,,SkySat-SR-BGRN,modint-prefect-workpool-2,92702547.0
f67ebb3e-8f86-4623-a97a-d2a3fbe5eff9,,COMPLETED,Completed,,,,,
019d3077-7814-4518-938f-bc8f25b69a7a,/nas/Dataset/s3/sia_aws_s3/sia-paxsapiens/raw/G-NKI01A/Planet/Yongbyon/20240105_DPRK_NFC_Yongbyon_arc_skysatscene_pansharpened_udm2/composite.tif,COMPLETED,Completed,,,EO-Detection-Vehicle,modint-prefect-workpool-2,153145092.0
a666b30e-8a39-460e-be8d-d5d2f11ba62d,,COMPLETED,Completed,,,,,
78575e2a-ada4-4db6-92c4-c6edebaf36c4,/nas/Dataset/s3/sia_aws_s3/sia-paxsapiens/raw/G-NKI01A/Planet/Yongbyon/20240604_DPRK_NFC_Yongbyon_arc_skysatscene_pansharpened_udm2/composite.tif,COMPLETED,Completed,,,EO-Detection-Vehicle,modint-prefect-workpool-2,130400359.0
097cda8a-659f-4777-806e-b6b577ef49a4,,COMPLETED,Completed,,,,,
c9fc7536-719d-43f9-8671-31ee295c7459,,COMPLETED,Completed,,,,,
36d92e42-23ed-463b-a242-6e2f4641a3a7,/nas/Dataset/s3/sia_aws_s3/sia-paxsapiens/raw/G-NKI01A/Planet/Yongbyon/20240619_DPRK_NFC_Yongbyon_arc_skysatscene_pansharpened_udm2/composite.tif,COMPLETED,Completed,,,EO-Detection-Vehicle,modint-prefect-workpool-2,158413290.0
131b41ce-3ee5-473b-bb41-c967159eb6e8,,COMPLETED,Completed,,,,,
6bca3699-1057-477f-b15a-05e824053b36,/nas/Dataset/s3/sia_aws_s3/sia-paxsapiens/raw/G-NKI01A/Planet/Yongbyon/20240212_DPRK_NFC_Yongbyon_arc_skysatscene_pansharpened_udm2/composite.tif,COMPLETED,Completed,,,EO-Detection-Vehicle,modint-prefect-workpool-2,146940804.0
f5c48991-09f7-4934-adf8-3340783fd579,,COMPLETED,Completed,,,,,
802ff028-cb05-4325-933a-309168a6c075,/nas/Dataset/s3/sia_aws_s3/sia-paxsapiens/raw/G-NKI01A/Planet/Yongbyon/20240324_DPRK_NFC_Yongbyon_arc_skysatscene_pansharpened_udm2/composite.tif,COMPLETED,Completed,,,EO-Detection-Vehicle,modint-prefect-workpool-2,162872100.0
d32dc171-ad5b-4d5a-81ba-019d5cc96b89,,COMPLETED,Completed,,,,,
7ba69672-99b8-4968-8881-0e9d3163ba3a,/nas/Dataset/s3/sia_aws_s3/sia-paxsapiens/raw/G-NKI01A/Planet/Yongbyon/20240320_DPRK_NFC_Yongbyon_arc_skysatscene_pansharpened_udm2/composite.tif,COMPLETED,Completed,,,EO-Detection-Vehicle,modint-prefect-workpool-2,166139100.0
24e31da9-4edd-48e2-9935-9acf79c6bb46,,COMPLETED,Completed,,,,,
22986fd1-d1e4-48f9-b07c-4d8f35e009fe,/nas/Dataset/s3/sia_aws_s3/sia-paxsapiens/raw/G-NKI01A/Planet/Yongbyon/20240426_DPRK_NFC_Yongbyon_arc_skysatscene_pansharpened_udm2/composite.tif,COMPLETED,Completed,,,EO-Detection-Vehicle,modint-prefect-workpool-2,165264300.0
703ddda7-68f5-49b0-ad80-764a18b0ec96,,COMPLETED,Completed,,,,,
2e6630e3-b30e-4df3-b885-9f5f27e3675c,/nas/Dataset/s3/sia_aws_s3/sia-paxsapiens/raw/G-NKI01A/Planet/Yongbyon/20240804_DPRK_NFC_Yongbyon_arc_skysatscene_pansharpened_udm2/composite.tif,COMPLETED,Completed,,,EO-Detection-Vehicle,modint-prefect-workpool-2,152888994.0
becca2f6-fd37-46e7-b78a-7f016faee5d6,,COMPLETED,Completed,,,,,
a29cdbc5-6515-47cd-a643-ed1f426b2f55,/nas/Dataset/s3/sia_aws_s3/sia-paxsapiens/raw/G-NKI01A/Planet/Yongbyon/20241124_DPRK_NFC_Yongbyon_arс_skysatscene_pansharpened_udm2/composite.tif,COMPLETED,Completed,,,EO-Detection-Vehicle,modint-prefect-workpool-2,130611090.0
d752b84e-64c2-4c4c-a9f0-33f51eb969c1,,COMPLETED,Completed,,,,,
a2c65bf4-f150-45e1-b20d-6a6385f61ef2,,COMPLETED,Completed,,,,,
75040df3-c031-4090-b40d-254a2dd57894,,COMPLETED,Completed,,,,,
5d1616a3-4cd4-4245-9c5d-ee33de364e42,,COMPLETED,Completed,,,,,
c8b36ebe-2d12-4943-b409-2bd086e64037,,COMPLETED,Completed,,,,,
0edfd435-ed50-4632-9ffa-2892d4d44309,,COMPLETED,Completed,,,,,
1d6f8cbd-85d1-4e22-9c75-3696338bc284,,COMPLETED,Completed,,,,,
0e88a6de-a217-4a9a-83af-9900969781f4,,COMPLETED,Completed,,,,,
4d4f46e9-1f5c-474c-90a9-e1cf4e9ef2bc,,COMPLETED,Completed,,,,,
665ea332-4fab-4f15-9274-5aaadc0a0d31,,COMPLETED,Completed,,,,,
ffad2215-b285-4a10-b7f4-6c790cd08803,/nas/Dataset/s3/sia_aws_s3/sia-paxsapiens/raw/G-NKI01A/Planet/Yongbyon/20240320_DPRK_NFC_Yongbyon_arc_skysatscene_pansharpened_udm2/composite.tif,COMPLETED,Completed,,,EO-Detection-Ship,modint-prefect-workpool-2,166139100.0
faafa3c8-bb2e-4e62-97e7-49e1be887ff7,,COMPLETED,Completed,,,,,
68595ed9-3fd2-4bed-9926-0c15cce0f253,,COMPLETED,Completed,,,,,
f418d431-1d07-491a-b6a5-0ecd5cbd1345,/nas/Dataset/s3/sia_aws_s3/sia-paxsapiens/raw/G-NKI01A/Planet/Yongbyon/20251121_DPRK_NFC_Yongbyon_arс_skysatscene_pansharpened_udm2/composite.tif,COMPLETED,Completed,,,EO-Detection-Vehicle,modint-prefect-workpool-2,145745920.0
dd18ef93-ea3b-4d46-b65c-409340495ab6,/nas/Projects/C-BIZ01A/BlackSky/Gen3_Samples_27112025/,COMPLETED,Completed,,64.0,SuperX-1Ch,modint-prefect-workpool-2,
dfbad548-1513-4f06-a12b-845d84510eee,,CANCELLED,Cancelled,,,,,
15608512-2ae3-4a60-a406-3b8f2bb263cf,/nas/Projects/C-BIZ01A/PacGeo/RDNO/RDNO2_25Aug2025_30cm_RGBN.tif,CANCELLED,Cancelled,,128.0,SuperX-1Ch,modint-prefect-workpool-2,3203576365.0
33a08ea4-4be5-41c9-ba22-3944d23aa204,/nas/COG/planet/Y2024/M05/D14/planet_20240514_060111_ssc10_u0001/20240514_060111_ssc10_u0001_pansharpened_clip_cog.tif,COMPLETED,Completed,,64.0,SkySat-SR-BGRN,modint-prefect-workpool-2,92702547.0
90dc5db6-47c0-421f-b6b4-498fd5fb2150,,COMPLETED,Completed,,,,,
ea9dcaa4-7544-47c9-8545-1ff01c21b3aa,/nas/Dataset/s3/sia_aws_s3/sia-paxsapiens/raw/G-NKI01A/Planet/Yongbyon/20251121_DPRK_NFC_Yongbyon_arс_skysatscene_pansharpened_udm2/composite.tif,COMPLETED,Completed,,,EO-Detection-Aircraft,modint-prefect-workpool-2,145745920.0
5371d517-5706-48f0-96fb-27c67d104a1e,,COMPLETED,Completed,,,,,
af64d509-5306-4505-bc53-b2b35c803f64,/nas/Dataset/s3/sia_aws_s3/sia-paxsapiens/raw/G-NKI01A/Planet/Yongbyon/20240105_DPRK_NFC_Yongbyon_arc_skysatscene_pansharpened_udm2/composite.tif,COMPLETED,Completed,,,EO-Detection-Aircraft,modint-prefect-workpool-2,153145092.0
130153b6-7e5e-400b-8a84-4a9637bf4354,,COMPLETED,Completed,,,,,
80e26afc-ae41-4557-ad37-a25fb6019f40,,COMPLETED,Completed,,,,,
4010e502-730b-458b-bf69-cc82c29ad8ec,/nas/Dataset/s3/sia_aws_s3/sia-paxsapiens/raw/G-NKI01A/Planet/Yongbyon/20240824_DPRK_NFC_Yongbyon_arc_skysatscene_pansharpened_udm2/composite.tif,COMPLETED,Completed,,,EO-Detection-Aircraft,modint-prefect-workpool-2,149325150.0
19d65187-3057-4054-ac46-89e2e88e5b35,,COMPLETED,Completed,,,,,
f676faa0-a80a-4737-baed-fb3aaea73cc6,/nas/Dataset/s3/sia_aws_s3/sia-paxsapiens/raw/G-NKI01A/Planet/Yongbyon/20240619_DPRK_NFC_Yongbyon_arc_skysatscene_pansharpened_udm2/composite.tif,COMPLETED,Completed,,,EO-Detection-Aircraft,modint-prefect-workpool-2,158413290.0
bf28fcd4-8614-4edc-af2b-84deab96035b,,COMPLETED,Completed,,,,,
c257a0c5-f865-4469-9ebd-ee5c962ad25f,/nas/Dataset/s3/sia_aws_s3/sia-paxsapiens/raw/G-NKI01A/Planet/Yongbyon/20240212_DPRK_NFC_Yongbyon_arc_skysatscene_pansharpened_udm2/composite.tif,COMPLETED,Completed,,,EO-Detection-Aircraft,modint-prefect-workpool-2,146940804.0
c9f50b58-5ffa-48f9-804c-6a6ebdd649bf,,COMPLETED,Completed,,,,,
10c3ba5e-12c7-4992-b63e-2069691991ae,,COMPLETED,Completed,,,,,
0de1d629-8764-4c5b-b2d3-27a4249a4ae9,/nas/Dataset/s3/sia_aws_s3/sia-paxsapiens/raw/G-NKI01A/Planet/Yongbyon/20240320_DPRK_NFC_Yongbyon_arc_skysatscene_pansharpened_udm2/composite.tif,COMPLETED,Completed,,,EO-Detection-Aircraft,modint-prefect-workpool-2,166139100.0
2e1cc269-b91f-45ca-a5f0-027a68f43661,,COMPLETED,Completed,,,,,
4e1ad4f4-db4c-4c08-a0f6-5c0e9c07c1d8,,COMPLETED,Completed,,,,,
267edb52-32d1-411c-b6b8-b34ad8aaca05,/nas/Dataset/s3/sia_aws_s3/sia-paxsapiens/raw/G-NKI01A/Planet/Yongbyon/20240804_DPRK_NFC_Yongbyon_arc_skysatscene_pansharpened_udm2/composite.tif,COMPLETED,Completed,,,EO-Detection-Aircraft,modint-prefect-workpool-2,152888994.0
9b221098-6379-4302-8f5b-505a9d37357c,,COMPLETED,Completed,,,,,
3576789b-841f-41ac-a8d3-d2f93894d722,/nas/Dataset/s3/sia_aws_s3/sia-paxsapiens/raw/G-NKI01A/Planet/Yongbyon/20241124_DPRK_NFC_Yongbyon_arс_skysatscene_pansharpened_udm2/composite.tif,COMPLETED,Completed,,,EO-Detection-Aircraft,modint-prefect-workpool-2,130611090.0
f624afc8-613c-4c69-95a5-bbd979e88f4b,,COMPLETED,Completed,,,,,
a510b344-5ea3-4bab-9bfe-acd98dc468ec,/nas/COG/planet/Y2024/M05/D14/planet_20240514_060111_ssc10_u0001/20240514_060111_ssc10_u0001_pansharpened_clip_cog.tif,COMPLETED,Completed,,,EO-Detection-Aircraft,modint-prefect-workpool-2,92702547.0
37880e04-f065-4ac9-9c5a-415d01c1c899,,COMPLETED,Completed,,,,,
8e5d3fb8-64ec-4cc3-84f6-5776d23f6d70,/nas/COG/planet/Y2024/M09/D24/planet_20240924_060428_ssc9_u0001/20240924_060428_ssc9_u0001_pansharpened_clip_cog.tif,COMPLETED,Completed,,,EO-Detection-Aircraft,modint-prefect-workpool-2,92702547.0
f8d8d433-6f79-421d-b4d0-5702d9777ed1,,COMPLETED,Completed,,,,,
f13a43b6-8c7e-4797-99c2-009b63113a4a,,COMPLETED,Completed,,,,,
aff1d453-c287-4921-9061-6ad8d0e86c1b,/nas/COG/planet/Y2024/M10/D16/planet_20241016_005105_ssc13_u0001/20241016_005105_ssc13_u0001_pansharpened_clip_cog.tif,COMPLETED,Completed,,,EO-Detection-Aircraft,modint-prefect-workpool-2,92702547.0
e917596e-d004-4f1c-86dd-f432634cc1e5,/nas/COG/planet/Y2024/M12/D03/planet_20241203_060223_ssc9_u0001/20241203_060223_ssc9_u0001_pansharpened_clip_cog.tif,COMPLETED,Completed,,,EO-Detection-Aircraft,modint-prefect-workpool-2,92702547.0
c54803fe-403f-44d3-acc7-2e821a6121e2,,COMPLETED,Completed,,,,,
a0fcf4ee-0c84-4593-af51-2666f2db4822,/nas/Dataset/s3/sia_aws_s3/sia-paxsapiens/raw/G-NKI01A/Planet/Yongbyon/20240804_DPRK_NFC_Yongbyon_arc_skysatscene_pansharpened_udm2/composite.tif,COMPLETED,Completed,,,EO-Detection-Ship,modint-prefect-workpool-2,152888994.0
12208e1e-8440-43dd-830c-8f5d3c508970,,COMPLETED,Completed,,,,,
314fcb5d-d632-497e-8084-0fe9010e7753,,COMPLETED,Completed,,,,,
49884f2c-c524-463c-8511-9585f94e3e2b,,COMPLETED,Completed,,,,,
5e39e66b-a3d5-4fd3-a6dd-10976a17ecf8,,CANCELLED,Cancelled,,,,,
ab86e4a3-c25c-4807-8247-4511b817ebac,,COMPLETED,Completed,,,,,
f91640e6-22f4-4572-a22d-275b2786102c,/nas/Projects/C-BIZ01A/Planet/KARI/20230907_012316_05_2464_3B_AnalyticMS_SR.tif,COMPLETED,Completed,,64.0,SkySat-SR-RGBN,modint-prefect-workpool-2,102187644.0
346d3cbe-5b58-49c4-a97d-ba36838e2c33,,COMPLETED,Completed,,,,,
bdcf45a2-4512-46ea-8ab0-8fef812e61a1,/nas/Projects/C-BIZ01A/Planet/KARI/20230907_011505_92_24ab_3B_AnalyticMS_SR.tif,COMPLETED,Completed,,64.0,SkySat-SR-RGBN,modint-prefect-workpool-2,113049960.0
4b60f20e-d1c9-4bcb-90cd-f42f841dab8b,,COMPLETED,Completed,,,,,
abfe6fa0-cdd7-4cae-bca9-0ec65e04bb39,/nas/Projects/C-BIZ01A/Planet/KARI/20230906_021656_74_2481_3B_AnalyticMS_SR.tif,COMPLETED,Completed,,64.0,SkySat-SR-RGBN,modint-prefect-workpool-2,103939795.0
f3ca8121-c30c-4343-b21b-240045e3e08e,,COMPLETED,Completed,,,,,
5a5c3cb2-3be3-4058-a455-c307843c0c07,/nas/Projects/C-BIZ01A/Planet/KARI/20230907_012623_95_24b3_3B_AnalyticMS_SR.tif,COMPLETED,Completed,,64.0,SkySat-SR-RGBN,modint-prefect-workpool-2,118538826.0
bb109319-032d-47b9-8a1b-dcbd533647e2,,COMPLETED,Completed,,,,,
8c7f0d40-5977-4cda-b7d6-24dd64a53d6c,,COMPLETED,Completed,,,,,
7bd48389-15c5-4fdf-b7ec-17b8a2e9e753,,COMPLETED,Completed,,,,,
846cd67c-ff4e-404c-8476-87765a62a743,,COMPLETED,Completed,,,,,
01335eda-091e-4b06-a599-bdc6c5d0d98b,,COMPLETED,Completed,,,,,
f3c1b1bb-38cc-47cf-b36b-56fc03da245f,,COMPLETED,Completed,,,,,
8d85e2c5-d09f-4054-8837-02bbf6c2b44c,/nas/Dataset/s3/sia_aws_s3/sia-paxsapiens/raw/G-NKI01A/Planet/Yongbyon/20240324_DPRK_NFC_Yongbyon_arc_skysatscene_pansharpened_udm2/composite.tif,COMPLETED,Completed,,,EO-Detection-Ship,modint-prefect-workpool-2,162872100.0
0fcb0726-0ea6-411c-b061-360083201bbf,,COMPLETED,Completed,,,,,
b677fcc8-b635-428b-89cb-dc4d2a3c186b,,COMPLETED,Completed,,,,,
ad89d9ba-d159-4a9f-86fc-4fd5b2ebf29a,/nas/Projects/C-BIZ01A/Planet/KARI/20230907_012626_23_24b3_3B_AnalyticMS_SR.tif,CANCELLED,Cancelled,,64.0,SkySat-SR-RGBN,modint-prefect-workpool-2,118411031.0
dbb52b90-e024-43f8-a121-51b2b0258feb,,COMPLETED,Completed,,,,,
1fe31f86-20b3-4089-9592-ddf4cdc5c83b,,COMPLETED,Completed,,,,,
d30d2c86-cadd-4ac9-b3e2-d8667543e087,,COMPLETED,Completed,,,,,
a207d193-bc87-42f7-beac-865caa6aef2a,/nas/COG/planet/Y2025/M11/D11/planet_20251111_062750_ssc10_u0001/20251111_062750_ssc10_u0001_pansharpened_clip_cog.tif,CANCELLED,Cancelled,,,,,144864064.0
25bbc39d-ef3d-47cd-b0c5-c78ae2cbba2f,,COMPLETED,Completed,,,,,
af74076e-7d44-429b-bc8b-206ceb8dd133,,COMPLETED,Completed,,,,,
72cfa9d6-abf1-4610-af43-7103ccb72545,,COMPLETED,Completed,,,,,
426dc151-47a1-4263-a6c6-0a77f60273d7,,COMPLETED,Completed,,,,,
33b57e0d-b409-4f20-a952-4601b98e6e04,,COMPLETED,Completed,,,,,
661ca1dc-96ac-46f3-aa85-6c0621a6c79f,,COMPLETED,Completed,,,,,
92bc4d5e-840c-498b-ad02-139cfc4ed15b,/nas/Dataset/s3/sia_aws_s3/sia-paxsapiens/raw/G-NKI01A/Planet/Yongbyon/20240824_DPRK_NFC_Yongbyon_arc_skysatscene_pansharpened_udm2/composite.tif,COMPLETED,Completed,,,EO-Detection-Ship,modint-prefect-workpool-2,149325150.0
40cc0501-a143-4743-a70d-079ea3001b37,,COMPLETED,Completed,,,,,
44fa37a5-7b49-4fe9-a04f-83beac5eee0c,,COMPLETED,Completed,,,,,
faf546bc-0aa1-43c6-9af9-57104c693e02,,COMPLETED,Completed,,,,,
2aae16e2-46a8-4e84-9fed-264df229d910,/nas/Projects/C-BIZ01A/Planet/KARI/20230907_012318_11_2464_3B_AnalyticMS_SR.tif,COMPLETED,Completed,,64.0,SkySat-SR-RGBN,modint-prefect-workpool-2,102238578.0
2f215ff8-bb13-4ccf-bbc6-bd82f317ad1b,/nas/Projects/C-BIZ01A/Planet/KARI/20230907_013618_69_24a8_3B_AnalyticMS_SR.tif,COMPLETED,Completed,,64.0,SkySat-SR-RGBN,modint-prefect-workpool-2,111558216.0
7f4e81a1-d3f7-47ad-8e9a-d74b597bdb38,/nas/Projects/C-BIZ01A/Planet/KARI/20230907_012833_37_24ba_3B_AnalyticMS_SR.tif,COMPLETED,Completed,,64.0,SkySat-SR-RGBN,modint-prefect-workpool-2,119243019.0
c2893fc1-2a57-420b-b592-ed857cb0192c,/nas/Dataset/s3/sia_aws_s3/sia-paxsapiens/raw/G-NKI01A/Planet/Yongbyon/20240320_DPRK_NFC_Yongbyon_arc_skysatscene_pansharpened_udm2/composite.tif,COMPLETED,Completed,,64.0,EO-Detection-Ship,modint-prefect-workpool-2,166139100.0
f99682b0-12ca-40e9-a8fd-321cacaf2af4,/nas/Projects/C-BIZ01A/Planet/KARI/20230908_021411_61_2478_3B_AnalyticMS_SR.tif,COMPLETED,Completed,,64.0,SkySat-SR-RGBN,modint-prefect-workpool-2,102269042.0
8723856c-8734-4369-a525-e3875226c432,/nas/Dataset/s3/sia_aws_s3/sia-paxsapiens/raw/G-NKI01A/Planet/Yongbyon/20251121_DPRK_NFC_Yongbyon_arс_skysatscene_pansharpened_udm2/composite.tif,COMPLETED,Completed,,,EO-Detection-Train,modint-prefect-workpool-2,145745920.0
be6eb156-9a00-45c5-8af6-5b09dbec34f0,/nas/Dataset/s3/sia_aws_s3/sia-paxsapiens/raw/G-NKI01A/Planet/Yongbyon/20240604_DPRK_NFC_Yongbyon_arc_skysatscene_pansharpened_udm2/composite.tif,COMPLETED,Completed,,,EO-Detection-Train,modint-prefect-workpool-2,130400359.0
32bb5237-7646-4c85-b114-72d3f03cd2fd,/nas/Dataset/s3/sia_aws_s3/sia-paxsapiens/raw/G-NKI01A/Planet/Yongbyon/20240212_DPRK_NFC_Yongbyon_arc_skysatscene_pansharpened_udm2/composite.tif,COMPLETED,Completed,,64.0,EO-Detection-Ship,modint-prefect-workpool-2,146940804.0
d9f53ad6-7691-485e-91de-1908e95e2139,,COMPLETED,Completed,,,,,
70c5660f-7cdf-47e2-9b93-8e4e9e367b16,/nas/Dataset/s3/sia_aws_s3/sia-paxsapiens/raw/G-NKI01A/Planet/Yongbyon/20240824_DPRK_NFC_Yongbyon_arc_skysatscene_pansharpened_udm2/composite.tif,COMPLETED,Completed,,,EO-Detection-Train,modint-prefect-workpool-2,149325150.0
8fc64b56-880b-49e9-a963-872b20637419,/nas/Dataset/s3/sia_aws_s3/sia-paxsapiens/raw/G-NKI01A/Planet/Yongbyon/20240804_DPRK_NFC_Yongbyon_arc_skysatscene_pansharpened_udm2/composite.tif,COMPLETED,Completed,,,EO-Detection-Train,modint-prefect-workpool-2,152888994.0
f5f3cd35-bb09-4d0d-b5a5-f7429409a9ba,/nas/Dataset/s3/sia_aws_s3/sia-paxsapiens/raw/G-NKI01A/Planet/Yongbyon/20240212_DPRK_NFC_Yongbyon_arc_skysatscene_pansharpened_udm2/composite.tif,COMPLETED,Completed,,,EO-Detection-Ship,modint-prefect-workpool-2,146940804.0
3cc0b3df-3d47-44cd-8488-debc70878391,/nas/Dataset/s3/sia_aws_s3/sia-paxsapiens/raw/G-NKI01A/Planet/Yongbyon/20240604_DPRK_NFC_Yongbyon_arc_skysatscene_pansharpened_udm2/composite.tif,COMPLETED,Completed,,,EO-Detection-Ship,modint-prefect-workpool-2,130400359.0
2d04b91c-7c62-4238-bf24-458878c1bd8d,,COMPLETED,Completed,,,,,
b6947724-fb54-4d54-94b9-e49bfa218224,/nas/COG/planet/Y2024/M05/D14/planet_20240514_060111_ssc10_u0001/20240514_060111_ssc10_u0001_pansharpened_clip_cog.tif,COMPLETED,Completed,,,EO-Detection-Ship,modint-prefect-workpool-2,92702547.0
a736fc51-431e-4a58-9067-0c49a1703fa9,/nas/Projects/C-BIZ01A/Planet/OTR/CGKAirport/SkySat_20241013_012357_ssc12_u0001_pansharpened_clip_file_format.tif,COMPLETED,Completed,,64.0,SkySat-SR-RGBN,modint-prefect-workpool-2,119703051.0
0835dc34-7417-40fb-b499-901112996464,/nas/Dataset/s3/sia_aws_s3/sia-paxsapiens/raw/G-NKI01A/Planet/Yongbyon/20240619_DPRK_NFC_Yongbyon_arc_skysatscene_pansharpened_udm2/composite.tif,COMPLETED,Completed,,,EO-Detection-Train,modint-prefect-workpool-2,158413290.0
e5f8651a-dc68-4371-8b4b-833965911f12,,COMPLETED,Completed,,,,,
57818dbc-73b3-4bcd-8c59-eeb5d04705ca,/nas/Dataset/s3/sia_aws_s3/sia-paxsapiens/raw/G-NKI01A/Planet/Yongbyon/20240324_DPRK_NFC_Yongbyon_arc_skysatscene_pansharpened_udm2/composite.tif,COMPLETED,Completed,,,EO-Detection-Train,modint-prefect-workpool-2,162872100.0
24fe1fea-e159-48c7-8702-dd281161a0e3,/nas/Dataset/s3/sia_aws_s3/sia-paxsapiens/raw/G-NKI01A/Planet/Yongbyon/20241124_DPRK_NFC_Yongbyon_arс_skysatscene_pansharpened_udm2/composite.tif,COMPLETED,Completed,,,EO-Detection-Train,modint-prefect-workpool-2,130611090.0
dd7b3b2d-9e1e-442e-91db-91e4fb50c2ac,/nas/Projects/C-BIZ01A/Planet/OTR/MarinaBaySands/SkySat_20250303_005950_ssc2_u0002_pansharpened_clip_file_format.tif,COMPLETED,Completed,,64.0,SkySat-SR-RGBN,modint-prefect-workpool-2,178334416.0
fc7f6c7a-63fc-47f8-8f64-7dd657099934,/nas/Dataset/s3/sia_aws_s3/sia-paxsapiens/raw/G-NKI01A/Planet/Yongbyon/20240426_DPRK_NFC_Yongbyon_arc_skysatscene_pansharpened_udm2/composite.tif,COMPLETED,Completed,,,EO-Detection-Train,modint-prefect-workpool-2,165264300.0
d15597ab-9f6f-4f2c-9308-15076358680b,/nas/COG/planet/Y2024/M05/D14/planet_20240514_060111_ssc10_u0001/20240514_060111_ssc10_u0001_pansharpened_clip_cog.tif,COMPLETED,Completed,,,EO-Detection-Train,modint-prefect-workpool-2,92702547.0
224d2af0-7217-4d87-bc70-a4d4732a6076,/nas/COG/planet/Y2024/M09/D24/planet_20240924_060428_ssc9_u0001/20240924_060428_ssc9_u0001_pansharpened_clip_cog.tif,COMPLETED,Completed,,,EO-Detection-Train,modint-prefect-workpool-2,92702547.0
1a761244-3ae4-4764-888f-82f6219cd7cc,/nas/COG/planet/Y2024/M10/D16/planet_20241016_005105_ssc13_u0001/20241016_005105_ssc13_u0001_pansharpened_clip_cog.tif,COMPLETED,Completed,,,EO-Detection-Train,modint-prefect-workpool-2,92702547.0
00341b3a-a664-4231-8a26-ad3d8f0a7414,/nas/COG/planet/Y2024/M12/D03/planet_20241203_060223_ssc9_u0001/20241203_060223_ssc9_u0001_pansharpened_clip_cog.tif,COMPLETED,Completed,,,EO-Detection-Train,modint-prefect-workpool-2,92702547.0
f3460196-c585-4e34-8b1a-84a8fc861fe7,/nas/COG/planet/Y2024/M09/D24/planet_20240924_060428_ssc9_u0001/20240924_060428_ssc9_u0001_pansharpened_clip_cog.tif,COMPLETED,Completed,,,EO-Detection-Ship,modint-prefect-workpool-2,92702547.0
62976fa9-8a3d-404d-882c-f215e75547fa,/nas/Dataset/s3/sia_aws_s3/sia-paxsapiens/raw/G-NKI01A/Planet/Yongbyon/20251121_DPRK_NFC_Yongbyon_arс_skysatscene_pansharpened_udm2/composite.tif,COMPLETED,Completed,,,EO-Detection-Ship,modint-prefect-workpool-2,145745920.0
4aae7cd5-e07e-4718-ac76-ea3478104d74,/nas/Dataset/s3/sia_aws_s3/sia-paxsapiens/raw/G-NKI01A/Planet/Yongbyon/20240426_DPRK_NFC_Yongbyon_arc_skysatscene_pansharpened_udm2/composite.tif,COMPLETED,Completed,,,EO-Detection-Ship,modint-prefect-workpool-2,165264300.0
c27e5285-c2e0-418d-8731-63452d6e39b9,,COMPLETED,Completed,,,,,
84e664e1-c80d-45b3-b27c-74f4d3e716ac,/nas/Dataset/s3/sia_aws_s3/sia-paxsapiens/raw/G-NKI01A/Planet/Yongbyon/20240619_DPRK_NFC_Yongbyon_arc_skysatscene_pansharpened_udm2/composite.tif,COMPLETED,Completed,,,EO-Detection-Ship,modint-prefect-workpool-2,158413290.0
b16c828f-52e9-4c26-a59f-1a876befbb88,,COMPLETED,Completed,,,,,
a1f2c685-aa0c-40cf-ab6e-0753eb12035b,/nas/Dataset/s3/sia_aws_s3/sia-paxsapiens/raw/G-NKI01A/Planet/Yongbyon/20240105_DPRK_NFC_Yongbyon_arc_skysatscene_pansharpened_udm2/composite.tif,COMPLETED,Completed,,,EO-Detection-Ship,modint-prefect-workpool-2,153145092.0
6ab6fcb8-d9e2-4c81-bb2f-4ea72f6762d8,/nas/Projects/C-BIZ01A/PacGeo/RDNO/RDNO2_25Aug2025_30cm_RGBN.tif,COMPLETED,Completed,,256.0,SuperX-1Ch,modint-prefect-workpool-2,3203576365.0
ac722e02-ea59-409a-972c-25d6e89a6d0b,,RUNNING,Running,,,,,
c8752349-e297-440f-9b33-42b7fa376ff7,/nas/COG/spaceeye_t/Y2025/M11/D23/spaceeye_t_ST1_202511230146025/ST1_20251123_014602_PS_SEN_LWO_202511_09452_001_5.tif,RUNNING,Running,,256.0,SuperX-1Ch,modint-prefect-workpool-2,2130805950.0
0c9633b3-3a35-4ecb-90b8-0ce5853fd601,/nas/Projects/C-BIZ01A/Planet/Introduction/20251022_024615_39_2507_3B_AnalyticMS_SR_clip_file_format.tif,COMPLETED,Completed,,64.0,SkySat-SR-RGBN,modint-prefect-workpool-2,12911500.0
12fe6dde-9993-46d3-9665-d846710eb776,/nas/Projects/C-BIZ01A/Planet/Introduction/20250729_024706_18_2522_3B_AnalyticMS_SR_clip_file_format.tif,COMPLETED,Completed,,64.0,SkySat-SR-RGBN,modint-prefect-workpool-2,12911500.0
e325298e-e8e1-4ddf-a111-2979e6e0a12a,,COMPLETED,Completed,,,,,
e0d839e7-4f0e-4bf6-ab2e-32ab58aae0f7,/nas/Projects/C-BIZ01A/Planet/Introduction/20250911_023945_75_2516_3B_AnalyticMS_SR_clip_file_format.tif,COMPLETED,Completed,,64.0,SkySat-SR-RGBN,modint-prefect-workpool-2,12911500.0
34d4367c-71a8-4995-b4c1-cee7d3a1a471,,COMPLETED,Completed,,,,,
3ca0b42c-5660-4b9e-8f73-78dda3e14729,/nas/Projects/C-BIZ01A/Planet/Introduction/20250911_023945_75_2516_3B_AnalyticMS_SR_clip_file_format.tif,COMPLETED,Completed,,64.0,SkySat-SR-4x-RGBN,modint-prefect-workpool-2,12911500.0
5b7d9c67-70a5-44a7-90be-dea4cc05d2f5,,COMPLETED,Completed,,,,,
34f0d477-e8d8-4cf4-a895-6a0e69516fcc,/nas/Projects/C-BIZ01A/Planet/Introduction/20250816_024020_43_251a_3B_AnalyticMS_SR_clip_file_format.tif,COMPLETED,Completed,,64.0,SkySat-SR-RGBN,modint-prefect-workpool-2,12911500.0
5330c483-59ff-4661-b1e1-fd76863aed24,,COMPLETED,Completed,,,,,
165844e1-682b-401f-ad9c-df318a64c138,/nas/Projects/C-BIZ01A/Planet/Introduction/20250816_024020_43_251a_3B_AnalyticMS_SR_clip_file_format.tif,COMPLETED,Completed,,64.0,SkySat-SR-4x-RGBN,modint-prefect-workpool-2,12911500.0
30f009b7-f38e-4c75-935d-7767cf7ca7ee,,COMPLETED,Completed,,,,,
f3232705-9633-4241-9c64-ba96ad166e14,/nas/Projects/C-BIZ01A/Planet/Introduction/20250730_023701_26_251f_3B_AnalyticMS_SR_clip_file_format.tif,COMPLETED,Completed,,64.0,SkySat-SR-4x-RGBN,modint-prefect-workpool-2,12911500.0
3a3a9572-1916-41ab-aa30-efe2292e7f98,,COMPLETED,Completed,,,,,
426fa913-ed7f-497d-a76c-bd71fa74a105,/nas/Projects/C-BIZ01A/Planet/Introduction/20250730_023701_26_251f_3B_AnalyticMS_SR_clip_file_format.tif,COMPLETED,Completed,,64.0,SkySat-SR-RGBN,modint-prefect-workpool-2,12911500.0
82a20bc5-b7cd-4228-8a85-2160748284e2,,COMPLETED,Completed,,,,,
1643980c-4496-4dbd-a5d3-b8a4ac813def,/nas/Projects/C-BIZ01A/Planet/Introduction/20250729_024706_18_2522_3B_AnalyticMS_SR_clip_file_format.tif,COMPLETED,Completed,,64.0,SkySat-SR-4x-RGBN,modint-prefect-workpool-2,12911500.0
bcdaf84e-1e94-4519-adc8-0e3936cd9ef2,,COMPLETED,Completed,,,,,
a925fa07-2afa-4049-bb14-a4585d81b29e,,COMPLETED,Completed,,,,,
bf085ed2-d6d9-4db3-8968-886591c725ec,/nas/Projects/C-BIZ01A/Planet/Introduction/20251022_024615_39_2507_3B_AnalyticMS_SR_clip_file_format.tif,COMPLETED,Completed,,64.0,SkySat-SR-4x-RGBN,modint-prefect-workpool-2,12911500.0
58a10aca-41bd-4f83-8f32-1ad4cdc92a95,,COMPLETED,Completed,,,,,
13c167b2-7796-425f-a627-8e2aeb4c4a49,,COMPLETED,Completed,,,,,
f261e19a-83e0-481f-8a69-1284ac03b8ab,/nas/Projects/C-BIZ01A/Planet/Introduction/20251009_024636_54_2522_3B_AnalyticMS_SR_clip_file_format.tif,COMPLETED,Completed,,64.0,SkySat-SR-RGBN,modint-prefect-workpool-2,12911500.0
02736b46-8095-4cf0-bd7a-e8fed7f49e21,,COMPLETED,Completed,,,,,
fb827752-ec11-4af1-a729-fee5e90fd465,/nas/Projects/C-BIZ01A/Planet/Introduction/20251009_024636_54_2522_3B_AnalyticMS_SR_clip_file_format.tif,COMPLETED,Completed,,64.0,SkySat-SR-4x-RGBN,modint-prefect-workpool-2,12911500.0
ea9ffea7-691c-47de-96a1-227898ecffa5,,COMPLETED,Completed,,,,,
4b520a70-bbf6-4005-a8cb-cf1079c392c5,/nas/Projects/C-BIZ01A/Planet/KARI/20230907_012626_23_24b3_3B_AnalyticMS_SR.tif,COMPLETED,Completed,,64.0,SkySat-SR-RGBN,modint-prefect-workpool-2,118411031.0
292b015a-2a5f-4541-8fb5-0ed1f6ac6d4f,,RUNNING,Running,,,,,
ff2fedc1-6414-45e5-b120-185166919941,/nas/Projects/C-BIZ01A/GeoImage/Samples/Wyvern/wyvern_dragonette-002_20250712T035126_34ca45fe/wyvern_dragonette-002_20250712T035126_34ca45fe.tiff,RUNNING,Running,,64.0,SuperX-1Ch,modint-prefect-workpool-2,53746440.0
